product_id,product_name,category,price,stock
PROD00000,Agree,Toys,262.91,714.0
PROD00001,Prevent,Toys,452.07,74.0
PROD00002,Now,Books,77.11,792.0
PROD00003,Score,Toys,5.96,290.0
PROD00004,Seek,Electronics,329.38,951.0
PROD00005,Professional,Books,42.99,777.0
PROD00006,Ok,Clothing,452.72,300.0
PROD00007,Later,Books,341.93,229.0
PROD00008,Business,Books,440.6,627.0
PROD00009,Really,Electronics,412.41,852.0
PROD00010,Fly,Clothing,233.42,619.0
PROD00011,Soldier,Books,54.67,256.0
PROD00012,Draw,Electronics,188.53,622.0
PROD00013,Follow,Home,101.86,143.0
PROD00014,Require,Electronics,276.03,102.0
PROD00015,Guy,Electronics,288.45,144.0
PROD00016,Say,Toys,457.52,285.0
PROD00017,Discussion,Clothing,415.85,869.0
PROD00018,Word,Books,386.19,193.0
PROD00019,Every,Books,138.89,722.0
PROD00020,Reality,Books,208.72,479.0
PROD00021,Strategy,Electronics,30.9,441.0
PROD00022,Case,Books,458.86,938.0
PROD00023,Perhaps,Electronics,374.95,872.0
PROD00024,Reason,Electronics,255.84,186.0
PROD00025,Defense,Clothing,330.55,770.0
PROD00026,Congress,Toys,292.36,923.0
PROD00027,Trial,Home,16.44,574.0
PROD00028,Matter,Books,118.85,647.0
PROD00029,Score,Clothing,133.77,933.0
PROD00030,Attention,Clothing,300.41,363.0
PROD00031,Seek,Clothing,187.32,116.0
PROD00032,During,Home,353.27,397.0
PROD00033,Single,Books,240.3,642.0
PROD00034,Inside,Clothing,477.91,227.0
PROD00035,Threat,Toys,196.76,525.0
PROD00036,Gun,Home,190.1,707.0
PROD00037,Performance,Clothing,359.89,123.0
PROD00038,Popular,Electronics,19.28,784.0
PROD00039,Very,Electronics,123.14,477.0
PROD00040,Than,Clothing,201.69,192.0
PROD00041,Run,Electronics,272.45,522.0
PROD00042,Determine,Home,338.78,419.0
PROD00043,Brother,Electronics,313.01,461.0
PROD00044,High,Clothing,329.97,59.0
PROD00045,Also,Books,58.15,754.0
PROD00046,Cost,Clothing,350.76,714.0
PROD00047,Song,Home,424.81,922.0
PROD00048,Half,Books,172.09,531.0
PROD00049,Especially,Toys,278.07,873.0
PROD00050,Receive,Books,448.46,698.0
PROD00051,Drive,Clothing,72.3,456.0
PROD00052,Wish,Electronics,381.27,243.0
PROD00053,Treat,Clothing,432.33,496.0
PROD00054,American,Clothing,332.87,359.0
PROD00055,Thousand,Electronics,39.25,647.0
PROD00056,Face,Toys,233.47,158.0
PROD00057,Senior,Books,240.3,607.0
PROD00058,Sometimes,Clothing,172.72,635.0
PROD00059,Life,Home,247.73,974.0
PROD00060,Personal,Books,162.89,607.0
PROD00061,Series,Electronics,388.93,713.0
PROD00062,Practice,Electronics,256.09,338.0
PROD00063,Ahead,Clothing,304.24,580.0
PROD00064,Page,Clothing,299.17,480.0
PROD00065,Stop,Electronics,485.62,472.0
PROD00066,Plant,Home,121.59,914.0
PROD00067,Finish,Clothing,413.63,70.0
PROD00068,Interview,Toys,281.66,614.0
PROD00069,Suffer,Toys,419.7,781.0
PROD00070,Much,Home,472.96,767.0
PROD00071,Mrs,Home,73.87,222.0
PROD00072,Ready,Home,142.44,260.0
PROD00073,Entire,Clothing,150.8,266.0
PROD00074,Amount,Home,58.55,283.0
PROD00075,Box,Toys,242.1,705.0
PROD00076,Discuss,Clothing,70.72,889.0
PROD00077,Economy,Home,322.62,15.0
PROD00078,To,Toys,254.17,812.0
PROD00079,Member,Toys,38.72,105.0
PROD00080,Team,Electronics,364.85,289.0
PROD00081,Team,Home,440.53,695.0
PROD00082,Everyone,Books,138.25,19.0
PROD00083,Detail,Clothing,458.16,981.0
PROD00084,Whatever,Electronics,117.51,787.0
PROD00085,Respond,Clothing,464.27,811.0
PROD00086,Country,Clothing,234.0,632.0
PROD00087,Maintain,Toys,67.54,749.0
PROD00088,Heavy,Books,227.23,108.0
PROD00089,Parent,Electronics,147.23,922.0
PROD00090,Company,Toys,76.54,804.0
PROD00091,Bank,Electronics,198.7,570.0
PROD00092,These,Toys,185.64,811.0
PROD00093,Cut,Clothing,391.26,246.0
PROD00094,Walk,Toys,404.09,850.0
PROD00095,Second,Toys,497.18,222.0
PROD00096,Eight,Books,255.76,904.0
PROD00097,Value,Clothing,329.89,979.0
PROD00098,Drug,Books,180.54,745.0
PROD00099,Task,Electronics,441.94,845.0
PROD00100,Know,Electronics,22.51,174.0
PROD00101,Building,Electronics,342.52,740.0
PROD00102,Authority,Home,427.19,242.0
PROD00103,Season,Electronics,370.26,423.0
PROD00104,Hospital,Books,398.88,832.0
PROD00105,Worry,Toys,406.94,934.0
PROD00106,Arrive,Toys,394.51,308.0
PROD00107,Home,Books,488.17,125.0
PROD00108,Know,Home,382.82,839.0
PROD00109,Role,Electronics,161.8,430.0
PROD00110,Central,Toys,236.21,653.0
PROD00111,Also,Clothing,495.81,976.0
PROD00112,Who,Home,11.56,627.0
PROD00113,Both,Books,59.79,809.0
PROD00114,Line,Books,328.59,902.0
PROD00115,Exist,Home,484.18,997.0
PROD00116,Character,Clothing,466.06,959.0
PROD00117,Example,Clothing,186.2,405.0
PROD00118,We,Clothing,457.21,952.0
PROD00119,If,Toys,38.98,468.0
PROD00120,Last,Clothing,368.77,466.0
PROD00121,Image,Electronics,146.84,46.0
PROD00122,Record,Toys,320.08,856.0
PROD00123,Table,Books,302.7,
PROD00124,Threat,Clothing,7.77,177.0
PROD00125,Team,Books,449.28,603.0
PROD00126,Benefit,Electronics,368.11,340.0
PROD00127,Sound,Clothing,395.38,133.0
PROD00128,The,Toys,192.9,747.0
PROD00129,War,Electronics,40.41,422.0
PROD00130,Learn,Toys,314.45,761.0
PROD00131,Memory,Home,411.8,517.0
PROD00132,Long,Clothing,358.33,589.0
PROD00133,Best,Clothing,403.53,185.0
PROD00134,Next,Electronics,469.92,553.0
PROD00135,Reality,Home,496.23,820.0
PROD00136,Gun,Books,474.89,636.0
PROD00137,Discuss,Clothing,188.4,755.0
PROD00138,Science,Electronics,298.75,35.0
PROD00139,Value,Electronics,187.2,851.0
PROD00140,Discuss,Clothing,428.02,763.0
PROD00141,Determine,Electronics,314.31,686.0
PROD00142,Rise,Books,110.49,474.0
PROD00143,Fast,Books,43.74,957.0
PROD00144,Then,Home,209.17,797.0
PROD00145,Employee,Home,395.57,831.0
PROD00146,Plan,Clothing,248.88,183.0
PROD00147,Draw,Electronics,457.54,971.0
PROD00148,Ready,Clothing,376.19,839.0
PROD00149,Control,Clothing,261.86,689.0
PROD00150,Call,Electronics,120.18,446.0
PROD00151,Throughout,Books,170.5,902.0
PROD00152,Real,Books,420.31,525.0
PROD00153,Growth,Electronics,46.69,
PROD00154,Brother,Electronics,359.44,418.0
PROD00155,Change,Electronics,368.45,91.0
PROD00156,Option,Toys,72.82,684.0
PROD00157,Ground,Electronics,34.24,
PROD00158,Concern,Electronics,200.8,880.0
PROD00159,Character,Electronics,130.04,453.0
PROD00160,Food,Toys,21.97,530.0
PROD00161,Author,Books,115.78,831.0
PROD00162,Task,Electronics,277.55,78.0
PROD00163,Past,Clothing,60.69,921.0
PROD00164,Song,Books,227.48,444.0
PROD00165,Here,Electronics,396.51,392.0
PROD00166,Man,Electronics,146.57,561.0
PROD00167,Set,Electronics,191.27,787.0
PROD00168,Least,Toys,310.45,960.0
PROD00169,Pretty,Electronics,438.37,630.0
PROD00170,Perhaps,Toys,348.88,891.0
PROD00171,Major,Home,220.87,2.0
PROD00172,Fall,Clothing,453.0,586.0
PROD00173,Actually,Home,45.16,54.0
PROD00174,Offer,Toys,408.04,287.0
PROD00175,Trouble,Clothing,461.99,91.0
PROD00176,Full,Clothing,236.27,7.0
PROD00177,Simply,Home,433.52,523.0
PROD00178,Step,Toys,49.03,583.0
PROD00179,Toward,Books,152.75,420.0
PROD00180,Be,Clothing,219.23,864.0
PROD00181,Front,Clothing,367.94,411.0
PROD00182,Former,Home,328.43,79.0
PROD00183,Even,Toys,81.38,267.0
PROD00184,Probably,Toys,127.74,292.0
PROD00185,Professor,Home,464.09,290.0
PROD00186,Any,Electronics,175.74,977.0
PROD00187,List,Books,43.69,955.0
PROD00188,Memory,Home,283.51,609.0
PROD00189,Perform,Home,470.42,799.0
PROD00190,Same,Home,318.83,
PROD00191,Friend,Home,107.6,635.0
PROD00192,Kid,Books,361.01,249.0
PROD00193,Question,Home,74.01,421.0
PROD00194,General,Electronics,235.73,138.0
PROD00195,Professional,Electronics,434.28,33.0
PROD00196,Whatever,Home,401.19,805.0
PROD00197,Recognize,Home,367.38,447.0
PROD00198,Side,Toys,381.43,846.0
PROD00199,Modern,Toys,332.0,157.0
PROD00200,Affect,Clothing,40.51,
PROD00201,And,Books,71.3,570.0
PROD00202,Call,Home,249.16,825.0
PROD00203,Rather,Home,22.25,316.0
PROD00204,Among,Toys,82.38,620.0
PROD00205,Treatment,Books,434.89,44.0
PROD00206,Church,Home,281.54,308.0
PROD00207,Practice,Electronics,330.05,423.0
PROD00208,Rise,Home,56.49,381.0
PROD00209,Great,Toys,158.48,795.0
PROD00210,Situation,Toys,279.11,292.0
PROD00211,Age,Clothing,107.71,718.0
PROD00212,Some,Home,452.13,255.0
PROD00213,Customer,Books,264.87,753.0
PROD00214,Card,Books,437.54,963.0
PROD00215,Other,Electronics,302.71,340.0
PROD00216,Beyond,Home,272.47,140.0
PROD00217,Eight,Home,28.02,878.0
PROD00218,Region,Toys,234.95,816.0
PROD00219,Pattern,Books,444.35,687.0
PROD00220,Design,Home,455.02,142.0
PROD00221,Board,Home,71.08,198.0
PROD00222,Value,Clothing,417.35,551.0
PROD00223,Several,Clothing,377.55,235.0
PROD00224,Pick,Clothing,62.55,535.0
PROD00225,Behind,Books,212.7,684.0
PROD00226,Shake,Electronics,268.05,346.0
PROD00227,Fine,Toys,359.95,457.0
PROD00228,Choose,Toys,301.07,660.0
PROD00229,Appear,Home,77.35,1000.0
PROD00230,Sing,Books,283.58,33.0
PROD00231,Cell,Books,42.76,31.0
PROD00232,Focus,Home,90.71,866.0
PROD00233,Rather,Clothing,98.17,977.0
PROD00234,Herself,Toys,167.74,557.0
PROD00235,Place,Home,110.96,271.0
PROD00236,Sort,Toys,33.1,569.0
PROD00237,Her,Clothing,238.26,319.0
PROD00238,Involve,Home,333.98,687.0
PROD00239,Win,Home,183.64,332.0
PROD00240,Determine,Toys,410.45,599.0
PROD00241,Ask,Home,298.77,487.0
PROD00242,Edge,Toys,199.43,7.0
PROD00243,Lose,Electronics,108.54,174.0
PROD00244,Late,Books,373.75,216.0
PROD00245,School,Clothing,366.35,562.0
PROD00246,Rule,Electronics,375.45,192.0
PROD00247,Within,Toys,225.7,787.0
PROD00248,Make,Books,106.37,555.0
PROD00249,Visit,Books,459.01,97.0
PROD00250,Economic,Clothing,51.31,692.0
PROD00251,End,Electronics,409.05,786.0
PROD00252,Or,Electronics,287.35,883.0
PROD00253,Both,Toys,335.18,588.0
PROD00254,Teach,Electronics,101.81,3.0
PROD00255,Table,Books,475.28,174.0
PROD00256,Site,Electronics,92.7,367.0
PROD00257,Check,Electronics,364.44,978.0
PROD00258,Method,Books,436.94,438.0
PROD00259,Low,Home,358.13,306.0
PROD00260,Ever,Electronics,326.2,895.0
PROD00261,Involve,Electronics,115.22,881.0
PROD00262,Dog,Clothing,378.14,820.0
PROD00263,Allow,Home,263.37,302.0
PROD00264,Certain,Toys,500.0,796.0
PROD00265,Police,Toys,39.06,923.0
PROD00266,Past,Books,256.44,440.0
PROD00267,Question,Toys,93.5,913.0
PROD00268,East,Clothing,365.05,186.0
PROD00269,Look,Electronics,293.94,339.0
PROD00270,Science,Books,437.92,909.0
PROD00271,Play,Home,126.33,310.0
PROD00272,Draw,Clothing,74.76,590.0
PROD00273,Office,Electronics,138.11,94.0
PROD00274,Sound,Toys,438.19,261.0
PROD00275,Now,Clothing,20.89,861.0
PROD00276,Eye,Electronics,410.92,773.0
PROD00277,Movie,Toys,460.37,181.0
PROD00278,Four,Home,426.95,340.0
PROD00279,Specific,Books,156.35,142.0
PROD00280,Have,Electronics,147.47,62.0
PROD00281,Well,Clothing,268.14,865.0
PROD00282,Suddenly,Home,271.4,173.0
PROD00283,Everyone,Home,327.81,141.0
PROD00284,Only,Clothing,278.91,349.0
PROD00285,Under,Toys,482.47,748.0
PROD00286,Rich,Electronics,404.96,803.0
PROD00287,Rock,Toys,461.43,103.0
PROD00288,Me,Toys,89.9,506.0
PROD00289,Interesting,Toys,392.22,386.0
PROD00290,Any,Books,198.02,395.0
PROD00291,Remain,Clothing,444.2,884.0
PROD00292,Expect,Electronics,64.65,494.0
PROD00293,Can,Home,100.32,565.0
PROD00294,Ten,Home,455.2,292.0
PROD00295,Thus,Electronics,134.29,553.0
PROD00296,End,Toys,255.63,635.0
PROD00297,Provide,Home,55.67,846.0
PROD00298,In,Clothing,364.76,840.0
PROD00299,Level,Home,390.95,430.0
PROD00300,Large,Home,263.16,918.0
PROD00301,Threat,Toys,388.75,204.0
PROD00302,Professional,Books,140.73,408.0
PROD00303,Interview,Home,449.8,629.0
PROD00304,School,Toys,110.53,169.0
PROD00305,Design,Electronics,344.74,703.0
PROD00306,Teacher,Books,498.46,535.0
PROD00307,Commercial,Home,464.17,185.0
PROD00308,Church,Toys,372.4,592.0
PROD00309,Order,Clothing,268.69,226.0
PROD00310,One,Electronics,104.94,477.0
PROD00311,Newspaper,Home,437.98,513.0
PROD00312,Age,Clothing,35.4,217.0
PROD00313,Maybe,Clothing,6.89,176.0
PROD00314,True,Clothing,210.38,691.0
PROD00315,Sure,Books,15.33,634.0
PROD00316,Sport,Toys,475.12,494.0
PROD00317,Cause,Books,88.65,611.0
PROD00318,Bit,Clothing,33.03,913.0
PROD00319,Environmental,Clothing,23.46,578.0
PROD00320,Century,Toys,237.51,606.0
PROD00321,Top,Toys,168.16,592.0
PROD00322,Study,Electronics,395.66,300.0
PROD00323,Blood,Clothing,253.27,820.0
PROD00324,Claim,Books,132.8,302.0
PROD00325,Wide,Books,229.58,484.0
PROD00326,Policy,Home,128.68,732.0
PROD00327,Protect,Clothing,497.21,288.0
PROD00328,Edge,Electronics,128.89,
PROD00329,Very,Clothing,213.45,996.0
PROD00330,Plan,Home,432.7,272.0
PROD00331,Standard,Books,440.37,113.0
PROD00332,Forward,Toys,386.56,984.0
PROD00333,Station,Electronics,252.06,341.0
PROD00334,Include,Books,343.35,825.0
PROD00335,Campaign,Books,217.63,639.0
PROD00336,Director,Home,212.72,658.0
PROD00337,Their,Clothing,91.07,802.0
PROD00338,Hot,Home,17.26,948.0
PROD00339,Benefit,Toys,229.59,893.0
PROD00340,Interview,Home,447.38,967.0
PROD00341,Certainly,Clothing,180.4,531.0
PROD00342,Finally,Toys,391.5,415.0
PROD00343,Increase,Home,345.14,218.0
PROD00344,Trip,Home,318.72,437.0
PROD00345,Then,Books,54.6,661.0
PROD00346,Short,Books,142.63,723.0
PROD00347,Town,Toys,297.52,235.0
PROD00348,They,Clothing,29.67,79.0
PROD00349,Quite,Books,44.53,609.0
PROD00350,Many,Clothing,256.74,72.0
PROD00351,Perform,Home,317.63,702.0
PROD00352,Them,Clothing,387.01,935.0
PROD00353,Knowledge,Toys,401.92,592.0
PROD00354,Candidate,Books,74.5,235.0
PROD00355,President,Toys,20.77,141.0
PROD00356,Reveal,Toys,302.52,63.0
PROD00357,Environment,Books,495.22,42.0
PROD00358,Cost,Home,373.36,516.0
PROD00359,Tough,Toys,232.29,649.0
PROD00360,Can,Home,222.59,369.0
PROD00361,Know,Books,155.7,284.0
PROD00362,Civil,Electronics,80.84,600.0
PROD00363,Eight,Electronics,122.76,833.0
PROD00364,Low,Electronics,332.05,341.0
PROD00365,Each,Books,125.46,923.0
PROD00366,Similar,Books,414.93,891.0
PROD00367,Continue,Clothing,317.64,942.0
PROD00368,Attention,Books,88.96,602.0
PROD00369,Character,Clothing,288.54,221.0
PROD00370,Feeling,Clothing,454.44,355.0
PROD00371,Sea,Books,22.55,595.0
PROD00372,Policy,Clothing,175.9,749.0
PROD00373,Thought,Toys,110.26,465.0
PROD00374,Whether,Clothing,33.16,508.0
PROD00375,Director,Clothing,13.71,419.0
PROD00376,Heavy,Toys,175.09,387.0
PROD00377,Little,Books,330.47,609.0
PROD00378,General,Home,120.86,941.0
PROD00379,Part,Toys,32.82,140.0
PROD00380,Country,Clothing,98.42,59.0
PROD00381,Forward,Home,384.95,632.0
PROD00382,Forward,Toys,449.76,473.0
PROD00383,Move,Clothing,380.83,872.0
PROD00384,Coach,Home,331.47,784.0
PROD00385,Apply,Toys,295.52,448.0
PROD00386,After,Books,71.31,419.0
PROD00387,At,Books,291.1,532.0
PROD00388,Make,Toys,7.24,827.0
PROD00389,Race,Home,5.44,670.0
PROD00390,Vote,Electronics,393.81,456.0
PROD00391,Line,Books,293.73,846.0
PROD00392,Huge,Electronics,422.78,696.0
PROD00393,Science,Electronics,220.57,977.0
PROD00394,Clear,Home,330.13,566.0
PROD00395,Event,Toys,379.13,184.0
PROD00396,Bit,Electronics,495.53,385.0
PROD00397,Player,Books,231.1,838.0
PROD00398,Rate,Clothing,282.05,945.0
PROD00399,Agree,Toys,219.4,133.0
PROD00400,List,Toys,448.63,464.0
PROD00401,Boy,Electronics,437.62,856.0
PROD00402,School,Home,286.63,185.0
PROD00403,Door,Home,256.15,575.0
PROD00404,Behind,Clothing,350.08,157.0
PROD00405,Me,Toys,109.24,891.0
PROD00406,Consumer,Toys,83.56,142.0
PROD00407,Inside,Electronics,74.78,749.0
PROD00408,War,Toys,29.69,381.0
PROD00409,Two,Clothing,242.4,858.0
PROD00410,Whom,Home,385.38,56.0
PROD00411,Man,Electronics,128.24,843.0
PROD00412,Peace,Home,288.76,578.0
PROD00413,By,Electronics,48.95,643.0
PROD00414,Claim,Electronics,428.74,582.0
PROD00415,Answer,Toys,358.13,460.0
PROD00416,Wife,Clothing,335.19,799.0
PROD00417,Student,Clothing,223.58,268.0
PROD00418,School,Clothing,485.73,412.0
PROD00419,Air,Clothing,475.68,550.0
PROD00420,Responsibility,Electronics,178.55,96.0
PROD00421,Military,Home,186.96,331.0
PROD00422,Yes,Clothing,235.08,459.0
PROD00423,New,Books,159.37,557.0
PROD00424,Official,Clothing,334.7,469.0
PROD00425,Him,Toys,454.45,194.0
PROD00426,Detail,Home,51.82,464.0
PROD00427,There,Home,317.89,630.0
PROD00428,Represent,Toys,99.62,906.0
PROD00429,Serious,Electronics,453.25,420.0
PROD00430,Loss,Toys,128.63,882.0
PROD00431,Perform,Books,225.34,349.0
PROD00432,Keep,Toys,337.45,959.0
PROD00433,International,Home,37.86,147.0
PROD00434,Message,Books,364.53,592.0
PROD00435,Pm,Clothing,205.89,703.0
PROD00436,Direction,Electronics,221.02,92.0
PROD00437,Business,Home,197.01,839.0
PROD00438,Either,Books,422.01,425.0
PROD00439,Without,Home,24.58,528.0
PROD00440,Guy,Home,443.39,624.0
PROD00441,Different,Books,191.06,263.0
PROD00442,Hair,Books,98.81,415.0
PROD00443,Thus,Home,468.11,597.0
PROD00444,Right,Home,484.46,664.0
PROD00445,On,Toys,320.99,187.0
PROD00446,Coach,Toys,253.39,43.0
PROD00447,Under,Electronics,329.84,394.0
PROD00448,Hand,Electronics,489.56,842.0
PROD00449,Magazine,Home,158.84,252.0
PROD00450,Not,Home,128.96,376.0
PROD00451,Board,Electronics,146.61,368.0
PROD00452,Move,Toys,388.78,668.0
PROD00453,Stuff,Toys,369.4,35.0
PROD00454,Entire,Toys,136.52,576.0
PROD00455,Picture,Books,178.5,672.0
PROD00456,Describe,Electronics,75.7,437.0
PROD00457,Risk,Electronics,328.11,366.0
PROD00458,Form,Home,388.65,886.0
PROD00459,Likely,Clothing,421.36,402.0
PROD00460,Nor,Electronics,373.59,443.0
PROD00461,Agency,Electronics,223.12,586.0
PROD00462,Involve,Clothing,315.57,842.0
PROD00463,Image,Books,445.9,592.0
PROD00464,Officer,Books,493.96,771.0
PROD00465,Yet,Toys,198.69,251.0
PROD00466,Fire,Books,117.39,875.0
PROD00467,Full,Home,282.19,868.0
PROD00468,Hear,Electronics,250.37,208.0
PROD00469,Minute,Toys,74.93,139.0
PROD00470,Subject,Home,402.83,982.0
PROD00471,Start,Books,199.38,100.0
PROD00472,Likely,Books,440.54,570.0
PROD00473,Same,Home,402.16,539.0
PROD00474,Lot,Home,495.0,494.0
PROD00475,Expert,Toys,177.37,217.0
PROD00476,Young,Toys,154.82,681.0
PROD00477,Finish,Home,375.96,723.0
PROD00478,Perform,Electronics,135.02,888.0
PROD00479,On,Toys,26.98,980.0
PROD00480,Across,Electronics,80.1,807.0
PROD00481,Half,Electronics,108.04,593.0
PROD00482,Discover,Electronics,438.75,749.0
PROD00483,Identify,Toys,388.78,306.0
PROD00484,Way,Electronics,444.7,959.0
PROD00485,Student,Home,353.5,981.0
PROD00486,Coach,Books,357.98,894.0
PROD00487,Part,Home,472.26,161.0
PROD00488,Rest,Electronics,253.23,305.0
PROD00489,Off,Electronics,292.32,406.0
PROD00490,Lay,Clothing,319.18,22.0
PROD00491,Medical,Books,23.01,512.0
PROD00492,Everything,Clothing,496.21,688.0
PROD00493,Society,Toys,424.88,201.0
PROD00494,Well,Books,418.92,275.0
PROD00495,Student,Toys,27.64,193.0
PROD00496,Go,Books,44.98,820.0
PROD00497,Interest,Clothing,78.44,802.0
PROD00498,Key,Electronics,156.45,496.0
PROD00499,Age,Toys,455.17,374.0
PROD00500,Once,Electronics,231.05,735.0
PROD00501,Kitchen,Books,199.19,869.0
PROD00502,Many,Toys,231.69,240.0
PROD00503,Able,Books,235.45,916.0
PROD00504,Such,Electronics,361.19,941.0
PROD00505,Say,Clothing,163.27,235.0
PROD00506,Have,Toys,470.13,647.0
PROD00507,Reach,Home,188.2,771.0
PROD00508,Year,Books,319.62,712.0
PROD00509,Rise,Clothing,92.88,494.0
PROD00510,Someone,Electronics,317.52,217.0
PROD00511,Heavy,Electronics,429.86,496.0
PROD00512,Arm,Electronics,31.71,489.0
PROD00513,Write,Books,204.23,
PROD00514,Administration,Books,296.27,524.0
PROD00515,Environmental,Electronics,382.07,599.0
PROD00516,Art,Clothing,481.98,558.0
PROD00517,Control,Clothing,8.73,962.0
PROD00518,Fund,Home,265.71,935.0
PROD00519,Law,Books,87.95,586.0
PROD00520,Read,Books,462.93,852.0
PROD00521,Benefit,Home,100.4,748.0
PROD00522,Stock,Toys,129.0,83.0
PROD00523,Major,Electronics,7.2,970.0
PROD00524,Once,Home,145.0,563.0
PROD00525,Table,Electronics,241.77,331.0
PROD00526,Use,Home,467.85,410.0
PROD00527,Congress,Electronics,381.13,362.0
PROD00528,Happen,Clothing,495.54,854.0
PROD00529,Institution,Clothing,286.28,638.0
PROD00530,Sense,Toys,469.21,526.0
PROD00531,Analysis,Books,279.59,437.0
PROD00532,Past,Books,131.58,489.0
PROD00533,Phone,Books,227.17,769.0
PROD00534,Collection,Books,391.36,845.0
PROD00535,Test,Home,136.66,895.0
PROD00536,Tell,Electronics,290.02,124.0
PROD00537,Successful,Books,220.48,716.0
PROD00538,Pull,Toys,228.32,648.0
PROD00539,Even,Electronics,322.46,356.0
PROD00540,Before,Toys,125.14,474.0
PROD00541,Skill,Clothing,314.1,126.0
PROD00542,Play,Electronics,265.14,49.0
PROD00543,Interview,Toys,414.89,696.0
PROD00544,Skill,Electronics,275.63,346.0
PROD00545,Become,Home,133.61,158.0
PROD00546,Audience,Electronics,420.52,374.0
PROD00547,Radio,Electronics,426.24,53.0
PROD00548,Nice,Electronics,241.03,626.0
PROD00549,Student,Clothing,364.37,211.0
PROD00550,Various,Toys,259.53,60.0
PROD00551,Evidence,Clothing,114.43,958.0
PROD00552,Themselves,Clothing,88.62,877.0
PROD00553,Fire,Toys,49.16,466.0
PROD00554,Up,Electronics,27.47,769.0
PROD00555,Go,Toys,389.72,241.0
PROD00556,Near,Toys,276.87,714.0
PROD00557,Future,Clothing,273.69,505.0
PROD00558,Laugh,Toys,270.16,721.0
PROD00559,Try,Home,431.75,556.0
PROD00560,Time,Electronics,420.93,153.0
PROD00561,Least,Books,393.42,354.0
PROD00562,Every,Home,74.91,700.0
PROD00563,Score,Books,283.36,42.0
PROD00564,Book,Electronics,413.38,421.0
PROD00565,Evidence,Clothing,445.82,292.0
PROD00566,Section,Electronics,446.78,637.0
PROD00567,Anyone,Toys,405.8,5.0
PROD00568,Over,Books,332.27,260.0
PROD00569,Friend,Toys,246.4,677.0
PROD00570,We,Clothing,206.8,807.0
PROD00571,Sound,Toys,475.19,410.0
PROD00572,Idea,Clothing,343.44,741.0
PROD00573,Budget,Home,286.7,344.0
PROD00574,Various,Electronics,273.05,914.0
PROD00575,Able,Home,41.08,97.0
PROD00576,Away,Clothing,366.85,324.0
PROD00577,Official,Electronics,219.23,627.0
PROD00578,Lose,Toys,12.53,195.0
PROD00579,That,Books,59.68,79.0
PROD00580,Camera,Books,367.64,393.0
PROD00581,Start,Home,109.62,28.0
PROD00582,Article,Clothing,481.4,933.0
PROD00583,Team,Clothing,154.98,658.0
PROD00584,Field,Books,309.47,388.0
PROD00585,Four,Electronics,414.96,520.0
PROD00586,Compare,Clothing,85.17,660.0
PROD00587,She,Clothing,180.62,343.0
PROD00588,Home,Electronics,145.47,287.0
PROD00589,Service,Books,327.23,838.0
PROD00590,Son,Home,19.33,772.0
PROD00591,Actually,Home,33.2,71.0
PROD00592,Admit,Electronics,20.05,149.0
PROD00593,Name,Books,186.59,723.0
PROD00594,Painting,Home,94.81,242.0
PROD00595,Walk,Toys,122.67,656.0
PROD00596,Baby,Home,12.02,579.0
PROD00597,Themselves,Electronics,34.96,235.0
PROD00598,Tend,Toys,57.16,146.0
PROD00599,Explain,Toys,365.17,495.0
PROD00600,Someone,Clothing,69.85,358.0
PROD00601,Sell,Toys,227.32,222.0
PROD00602,Assume,Clothing,17.92,655.0
PROD00603,Nor,Electronics,473.25,848.0
PROD00604,Suggest,Books,424.39,810.0
PROD00605,Once,Clothing,84.88,308.0
PROD00606,Item,Electronics,54.68,639.0
PROD00607,Also,Books,305.69,256.0
PROD00608,Want,Electronics,389.27,332.0
PROD00609,Structure,Home,463.27,417.0
PROD00610,Entire,Books,6.02,787.0
PROD00611,However,Books,438.4,783.0
PROD00612,Light,Home,82.78,417.0
PROD00613,Lay,Toys,109.54,965.0
PROD00614,Some,Toys,491.18,480.0
PROD00615,Share,Books,123.74,11.0
PROD00616,Red,Toys,388.17,908.0
PROD00617,Chance,Books,125.68,621.0
PROD00618,Break,Toys,383.5,4.0
PROD00619,Power,Home,286.0,153.0
PROD00620,Outside,Books,26.11,330.0
PROD00621,Cause,Electronics,99.16,363.0
PROD00622,Realize,Clothing,294.41,924.0
PROD00623,Religious,Clothing,272.93,112.0
PROD00624,Everyone,Home,53.16,10.0
PROD00625,Position,Electronics,47.06,702.0
PROD00626,Second,Clothing,497.88,263.0
PROD00627,Role,Clothing,243.11,196.0
PROD00628,Trade,Home,213.96,997.0
PROD00629,Book,Books,8.76,642.0
PROD00630,Minute,Home,235.25,
PROD00631,Deal,Electronics,437.59,914.0
PROD00632,Doctor,Books,327.48,335.0
PROD00633,Behavior,Home,58.89,197.0
PROD00634,Letter,Home,169.05,98.0
PROD00635,Around,Electronics,187.1,252.0
PROD00636,Affect,Books,110.91,291.0
PROD00637,Bring,Clothing,36.66,170.0
PROD00638,Quickly,Books,339.97,736.0
PROD00639,Better,Toys,146.99,586.0
PROD00640,Wife,Electronics,47.77,114.0
PROD00641,Mouth,Clothing,130.37,190.0
PROD00642,Cut,Books,147.35,246.0
PROD00643,High,Toys,459.04,731.0
PROD00644,Oil,Toys,377.22,600.0
PROD00645,Task,Home,273.79,811.0
PROD00646,Leader,Home,46.47,377.0
PROD00647,Must,Electronics,434.12,562.0
PROD00648,Lay,Toys,55.86,968.0
PROD00649,Short,Clothing,27.29,602.0
PROD00650,Spring,Home,264.89,862.0
PROD00651,Worker,Clothing,31.33,197.0
PROD00652,Bed,Home,266.87,571.0
PROD00653,Option,Electronics,212.76,117.0
PROD00654,Authority,Books,301.44,57.0
PROD00655,Write,Home,284.63,365.0
PROD00656,Far,Clothing,443.3,639.0
PROD00657,Our,Electronics,207.52,678.0
PROD00658,Because,Clothing,320.27,657.0
PROD00659,Usually,Electronics,232.56,927.0
PROD00660,Seat,Books,497.04,413.0
PROD00661,Understand,Home,378.46,113.0
PROD00662,Among,Electronics,386.13,687.0
PROD00663,Interest,Toys,391.99,890.0
PROD00664,Car,Books,49.56,198.0
PROD00665,Ground,Home,81.33,81.0
PROD00666,Item,Electronics,118.95,556.0
PROD00667,Us,Books,172.37,122.0
PROD00668,Green,Books,126.62,411.0
PROD00669,Sometimes,Electronics,400.25,476.0
PROD00670,Traditional,Electronics,199.5,310.0
PROD00671,Treatment,Home,288.72,138.0
PROD00672,Enter,Home,287.32,417.0
PROD00673,Student,Clothing,308.04,116.0
PROD00674,Stage,Electronics,337.51,41.0
PROD00675,Woman,Electronics,277.06,28.0
PROD00676,Down,Books,136.9,772.0
PROD00677,Term,Toys,9.66,998.0
PROD00678,Job,Electronics,468.57,487.0
PROD00679,Local,Home,15.02,445.0
PROD00680,Significant,Home,404.1,445.0
PROD00681,Off,Books,438.16,136.0
PROD00682,New,Electronics,379.79,223.0
PROD00683,Civil,Books,27.33,977.0
PROD00684,Give,Electronics,428.48,989.0
PROD00685,Land,Books,486.91,19.0
PROD00686,Which,Books,92.05,279.0
PROD00687,Democrat,Home,151.34,291.0
PROD00688,Success,Home,426.12,471.0
PROD00689,Democrat,Clothing,419.58,558.0
PROD00690,Drive,Books,150.21,876.0
PROD00691,Girl,Clothing,298.99,49.0
PROD00692,Race,Electronics,302.17,71.0
PROD00693,Factor,Books,51.44,940.0
PROD00694,Anything,Clothing,243.33,921.0
PROD00695,Reveal,Books,234.75,71.0
PROD00696,Garden,Home,357.24,975.0
PROD00697,Again,Home,354.06,258.0
PROD00698,Really,Books,93.08,78.0
PROD00699,Trouble,Toys,342.4,765.0
PROD00700,Economy,Electronics,229.8,153.0
PROD00701,Society,Clothing,86.28,940.0
PROD00702,Out,Electronics,42.14,673.0
PROD00703,Head,Books,293.31,741.0
PROD00704,Situation,Electronics,428.06,158.0
PROD00705,Our,Books,348.59,915.0
PROD00706,Security,Books,187.09,737.0
PROD00707,Campaign,Clothing,76.33,929.0
PROD00708,Whole,Home,80.63,988.0
PROD00709,Compare,Electronics,498.93,623.0
PROD00710,Remember,Home,220.83,938.0
PROD00711,Measure,Clothing,415.58,803.0
PROD00712,Wear,Home,156.31,240.0
PROD00713,Age,Toys,44.77,968.0
PROD00714,Season,Home,82.03,389.0
PROD00715,Foot,Home,195.73,308.0
PROD00716,Writer,Electronics,250.58,114.0
PROD00717,Consider,Home,354.49,522.0
PROD00718,Think,Electronics,332.34,762.0
PROD00719,Whatever,Books,55.84,230.0
PROD00720,Green,Clothing,472.48,482.0
PROD00721,Situation,Home,41.16,653.0
PROD00722,Body,Toys,17.99,565.0
PROD00723,Actually,Home,242.74,143.0
PROD00724,Sort,Home,123.58,203.0
PROD00725,Mother,Electronics,363.88,71.0
PROD00726,Spend,Clothing,405.55,413.0
PROD00727,Certain,Clothing,322.43,629.0
PROD00728,Inside,Home,489.74,987.0
PROD00729,Others,Books,186.3,636.0
PROD00730,With,Books,86.3,776.0
PROD00731,Meet,Toys,398.47,936.0
PROD00732,About,Toys,27.54,665.0
PROD00733,Congress,Clothing,186.53,467.0
PROD00734,Although,Electronics,477.27,371.0
PROD00735,Night,Clothing,254.08,789.0
PROD00736,Security,Electronics,463.02,77.0
PROD00737,Open,Books,260.77,771.0
PROD00738,Carry,Toys,100.37,899.0
PROD00739,Office,Books,69.21,952.0
PROD00740,Actually,Home,144.39,439.0
PROD00741,Head,Clothing,200.76,864.0
PROD00742,Yet,Home,179.18,914.0
PROD00743,Manage,Clothing,286.98,418.0
PROD00744,Game,Home,187.42,247.0
PROD00745,Conference,Electronics,7.49,140.0
PROD00746,Paper,Electronics,187.34,854.0
PROD00747,Face,Toys,70.84,165.0
PROD00748,Dark,Toys,307.99,122.0
PROD00749,City,Clothing,69.71,535.0
PROD00750,Lose,Toys,450.77,553.0
PROD00751,Past,Home,419.35,512.0
PROD00752,Project,Toys,81.43,724.0
PROD00753,Write,Electronics,299.18,927.0
PROD00754,Body,Electronics,75.92,358.0
PROD00755,Rate,Books,402.4,34.0
PROD00756,Describe,Books,325.14,714.0
PROD00757,Training,Clothing,118.26,330.0
PROD00758,Billion,Electronics,32.54,781.0
PROD00759,Agreement,Home,240.63,950.0
PROD00760,Doctor,Home,308.25,113.0
PROD00761,Hope,Toys,307.72,630.0
PROD00762,Ever,Home,85.11,522.0
PROD00763,Box,Clothing,29.39,888.0
PROD00764,Plant,Books,119.78,734.0
PROD00765,Approach,Books,317.83,387.0
PROD00766,Main,Clothing,314.08,415.0
PROD00767,Around,Toys,102.03,856.0
PROD00768,Production,Electronics,415.51,721.0
PROD00769,Say,Books,111.98,189.0
PROD00770,Western,Clothing,469.33,75.0
PROD00771,Firm,Home,84.52,546.0
PROD00772,International,Home,369.92,621.0
PROD00773,When,Toys,133.31,976.0
PROD00774,Power,Home,461.48,5.0
PROD00775,Happy,Home,114.23,567.0
PROD00776,Different,Electronics,140.85,513.0
PROD00777,Close,Clothing,189.49,404.0
PROD00778,East,Books,78.88,615.0
PROD00779,Hard,Home,281.61,123.0
PROD00780,Painting,Toys,197.09,726.0
PROD00781,Thousand,Home,61.43,446.0
PROD00782,Thing,Books,256.34,960.0
PROD00783,Eight,Electronics,239.61,85.0
PROD00784,Deep,Home,205.11,73.0
PROD00785,Role,Electronics,313.69,484.0
PROD00786,Green,Clothing,248.09,382.0
PROD00787,Model,Home,175.35,90.0
PROD00788,Name,Clothing,284.88,205.0
PROD00789,Sometimes,Books,256.17,469.0
PROD00790,Throw,Home,303.03,321.0
PROD00791,Attorney,Toys,193.21,75.0
PROD00792,Across,Home,44.98,871.0
PROD00793,Fight,Toys,239.9,987.0
PROD00794,Note,Books,329.45,784.0
PROD00795,Full,Clothing,413.96,724.0
PROD00796,A,Clothing,413.07,420.0
PROD00797,Different,Clothing,220.28,922.0
PROD00798,Figure,Books,85.32,110.0
PROD00799,Statement,Home,66.33,570.0
PROD00800,Central,Electronics,225.43,697.0
PROD00801,Claim,Electronics,151.48,888.0
PROD00802,Young,Clothing,250.98,821.0
PROD00803,His,Electronics,327.46,665.0
PROD00804,Million,Books,64.63,708.0
PROD00805,So,Toys,272.68,961.0
PROD00806,Lose,Electronics,160.21,490.0
PROD00807,Party,Electronics,173.25,774.0
PROD00808,Service,Electronics,103.23,427.0
PROD00809,Investment,Clothing,272.03,39.0
PROD00810,Hold,Clothing,499.68,311.0
PROD00811,Red,Electronics,141.68,390.0
PROD00812,We,Home,83.4,92.0
PROD00813,Yard,Books,329.29,654.0
PROD00814,Rule,Clothing,483.56,235.0
PROD00815,Wind,Electronics,147.25,465.0
PROD00816,Price,Clothing,450.44,672.0
PROD00817,Leader,Clothing,242.21,138.0
PROD00818,Manage,Clothing,177.96,210.0
PROD00819,Pass,Electronics,188.62,436.0
PROD00820,Tv,Books,49.0,160.0
PROD00821,Good,Books,55.99,627.0
PROD00822,Trouble,Clothing,201.67,391.0
PROD00823,Agent,Books,217.61,305.0
PROD00824,Accept,Books,303.59,
PROD00825,Current,Toys,433.61,267.0
PROD00826,Practice,Home,232.11,973.0
PROD00827,Production,Clothing,207.55,412.0
PROD00828,Trip,Books,285.79,443.0
PROD00829,Institution,Toys,103.14,197.0
PROD00830,Physical,Toys,220.17,93.0
PROD00831,Price,Books,59.69,69.0
PROD00832,Bit,Electronics,232.52,608.0
PROD00833,Action,Home,430.58,283.0
PROD00834,Sound,Clothing,77.84,615.0
PROD00835,Perform,Electronics,319.31,397.0
PROD00836,Behavior,Home,55.13,156.0
PROD00837,Thousand,Electronics,181.91,406.0
PROD00838,Line,Clothing,394.59,109.0
PROD00839,Spend,Electronics,109.46,766.0
PROD00840,Recently,Home,407.63,401.0
PROD00841,Like,Clothing,272.59,451.0
PROD00842,Bar,Electronics,333.62,989.0
PROD00843,Evidence,Clothing,420.86,496.0
PROD00844,Change,Electronics,119.95,581.0
PROD00845,Young,Home,404.02,125.0
PROD00846,Race,Books,40.44,355.0
PROD00847,Which,Books,163.75,470.0
PROD00848,Notice,Toys,146.1,899.0
PROD00849,Future,Toys,446.61,82.0
PROD00850,Best,Clothing,217.53,708.0
PROD00851,Safe,Clothing,28.27,366.0
PROD00852,Region,Books,235.72,650.0
PROD00853,Present,Toys,218.52,899.0
PROD00854,Become,Home,461.93,617.0
PROD00855,Information,Clothing,470.4,843.0
PROD00856,Day,Toys,322.93,14.0
PROD00857,Attention,Books,17.32,773.0
PROD00858,Thus,Toys,352.99,775.0
PROD00859,Fine,Books,238.94,35.0
PROD00860,Lay,Electronics,409.26,38.0
PROD00861,Similar,Clothing,261.07,649.0
PROD00862,Magazine,Books,159.47,331.0
PROD00863,Positive,Electronics,302.03,572.0
PROD00864,Ball,Home,250.16,614.0
PROD00865,Room,Electronics,232.17,945.0
PROD00866,Eight,Electronics,158.15,694.0
PROD00867,Politics,Books,172.06,224.0
PROD00868,Work,Electronics,490.08,366.0
PROD00869,Major,Clothing,141.53,820.0
PROD00870,Air,Books,396.57,463.0
PROD00871,National,Electronics,91.83,97.0
PROD00872,Might,Electronics,121.43,460.0
PROD00873,Sure,Home,463.99,959.0
PROD00874,Be,Clothing,145.03,918.0
PROD00875,Hour,Books,474.33,738.0
PROD00876,Even,Toys,492.9,137.0
PROD00877,Choose,Electronics,240.42,740.0
PROD00878,Leg,Books,355.91,219.0
PROD00879,Deal,Toys,180.8,23.0
PROD00880,Tough,Electronics,355.37,
PROD00881,Address,Clothing,412.45,841.0
PROD00882,Because,Toys,189.42,439.0
PROD00883,Score,Clothing,252.68,275.0
PROD00884,Enter,Toys,283.82,173.0
PROD00885,Many,Home,212.83,904.0
PROD00886,Movie,Electronics,46.26,855.0
PROD00887,Expect,Books,386.06,712.0
PROD00888,Single,Toys,420.09,863.0
PROD00889,From,Clothing,371.72,720.0
PROD00890,Debate,Clothing,174.95,117.0
PROD00891,Way,Clothing,173.88,42.0
PROD00892,Night,Home,304.99,699.0
PROD00893,Career,Electronics,93.53,660.0
PROD00894,Consider,Clothing,41.43,369.0
PROD00895,Contain,Clothing,154.02,281.0
PROD00896,Democratic,Toys,103.3,444.0
PROD00897,Food,Toys,459.09,732.0
PROD00898,Rather,Books,354.88,959.0
PROD00899,Writer,Clothing,408.4,551.0
PROD00900,Around,Electronics,461.93,181.0
PROD00901,Relate,Home,237.39,444.0
PROD00902,Ago,Home,275.1,224.0
PROD00903,Begin,Clothing,436.44,764.0
PROD00904,Require,Electronics,66.06,808.0
PROD00905,Top,Electronics,42.01,79.0
PROD00906,Ball,Clothing,69.29,882.0
PROD00907,Parent,Clothing,320.07,679.0
PROD00908,Happy,Home,302.88,552.0
PROD00909,Start,Electronics,273.13,827.0
PROD00910,American,Home,119.46,124.0
PROD00911,Side,Home,383.34,585.0
PROD00912,Challenge,Clothing,290.21,202.0
PROD00913,While,Toys,113.08,526.0
PROD00914,Learn,Home,33.4,445.0
PROD00915,Risk,Books,430.2,456.0
PROD00916,Subject,Clothing,125.14,894.0
PROD00917,Party,Books,456.37,262.0
PROD00918,What,Books,104.06,826.0
PROD00919,Whom,Clothing,77.34,405.0
PROD00920,Push,Toys,338.88,299.0
PROD00921,Feeling,Books,297.75,786.0
PROD00922,Operation,Books,366.17,56.0
PROD00923,If,Toys,319.79,449.0
PROD00924,Well,Toys,331.51,305.0
PROD00925,Black,Toys,424.42,486.0
PROD00926,Discover,Books,32.09,769.0
PROD00927,Economic,Clothing,475.33,159.0
PROD00928,Back,Electronics,146.38,337.0
PROD00929,Important,Electronics,148.29,349.0
PROD00930,What,Electronics,130.01,663.0
PROD00931,Building,Electronics,308.77,
PROD00932,Operation,Clothing,313.22,310.0
PROD00933,World,Home,73.73,415.0
PROD00934,Affect,Books,422.28,13.0
PROD00935,National,Home,216.52,348.0
PROD00936,Campaign,Home,398.96,464.0
PROD00937,Good,Electronics,493.97,569.0
PROD00938,While,Clothing,138.1,415.0
PROD00939,Someone,Clothing,378.77,946.0
PROD00940,Continue,Home,348.49,154.0
PROD00941,Likely,Toys,205.74,352.0
PROD00942,Result,Toys,250.31,616.0
PROD00943,Difficult,Home,93.61,93.0
PROD00944,Name,Books,464.3,169.0
PROD00945,Compare,Books,160.62,778.0
PROD00946,Firm,Electronics,268.01,136.0
PROD00947,Talk,Home,421.8,188.0
PROD00948,Million,Home,242.28,438.0
PROD00949,Rock,Home,166.51,102.0
PROD00950,Job,Electronics,230.88,147.0
PROD00951,Class,Clothing,259.77,832.0
PROD00952,I,Electronics,339.82,925.0
PROD00953,Leader,Clothing,92.99,863.0
PROD00954,Street,Electronics,174.08,176.0
PROD00955,Skill,Home,359.63,265.0
PROD00956,Future,Books,273.43,954.0
PROD00957,Mean,Home,379.95,49.0
PROD00958,Huge,Toys,117.65,903.0
PROD00959,Position,Books,103.01,950.0
PROD00960,Series,Books,139.69,482.0
PROD00961,Painting,Books,291.61,685.0
PROD00962,Place,Clothing,392.58,88.0
PROD00963,Shoulder,Clothing,247.95,245.0
PROD00964,Daughter,Books,178.93,265.0
PROD00965,Day,Toys,457.05,163.0
PROD00966,Support,Toys,166.02,339.0
PROD00967,Coach,Books,229.23,229.0
PROD00968,Finish,Electronics,338.34,618.0
PROD00969,Represent,Clothing,35.43,695.0
PROD00970,Act,Electronics,402.15,990.0
PROD00971,Crime,Electronics,295.4,940.0
PROD00972,Often,Home,357.41,679.0
PROD00973,Only,Home,211.19,294.0
PROD00974,Phone,Home,243.66,725.0
PROD00975,Strategy,Books,464.47,486.0
PROD00976,Art,Electronics,392.7,57.0
PROD00977,She,Books,406.1,143.0
PROD00978,Catch,Electronics,426.92,637.0
PROD00979,Skin,Clothing,373.02,895.0
PROD00980,Lead,Books,479.78,610.0
PROD00981,Before,Home,487.97,787.0
PROD00982,Sell,Books,220.59,285.0
PROD00983,Perform,Toys,306.12,759.0
PROD00984,Always,Clothing,482.61,993.0
PROD00985,Top,Home,176.72,863.0
PROD00986,Support,Books,245.33,513.0
PROD00987,Would,Home,280.35,394.0
PROD00988,Affect,Clothing,401.84,628.0
PROD00989,Computer,Home,293.05,752.0
PROD00990,Mr,Toys,159.31,970.0
PROD00991,Night,Clothing,275.27,208.0
PROD00992,Well,Home,343.54,833.0
PROD00993,Stuff,Toys,455.39,233.0
PROD00994,Box,Home,104.85,399.0
PROD00995,Training,Books,301.03,504.0
PROD00996,Knowledge,Clothing,172.76,716.0
PROD00997,Expect,Electronics,288.58,38.0
PROD00998,List,Books,235.51,174.0
PROD00999,Help,Electronics,171.54,252.0
PROD00485,Student,Home,353.5,981.0
PROD00767,Around,Toys,102.03,856.0
PROD00206,Church,Home,281.54,308.0
PROD00067,Finish,Clothing,413.63,70.0
PROD00036,Gun,Home,190.1,707.0
PROD00212,Some,Home,452.13,255.0
PROD00346,Short,Books,142.63,723.0
PROD00329,Very,Clothing,213.45,996.0
PROD00640,Wife,Electronics,47.77,114.0
PROD00157,Ground,Electronics,34.24,
PROD00807,Party,Electronics,173.25,774.0
PROD00135,Reality,Home,496.23,820.0
PROD00642,Cut,Books,147.35,246.0
PROD00879,Deal,Toys,180.8,23.0
PROD00237,Her,Clothing,238.26,319.0
PROD00955,Skill,Home,359.63,265.0
PROD00711,Measure,Clothing,415.58,803.0
PROD00912,Challenge,Clothing,290.21,202.0
PROD00325,Wide,Books,229.58,484.0
PROD00261,Involve,Electronics,115.22,881.0
PROD00871,National,Electronics,91.83,97.0
PROD00240,Determine,Toys,410.45,599.0
PROD00364,Low,Electronics,332.05,341.0
PROD00566,Section,Electronics,446.78,637.0
PROD00858,Thus,Toys,352.99,775.0
PROD00007,Later,Books,341.93,229.0
PROD00631,Deal,Electronics,437.59,914.0
PROD00852,Region,Books,235.72,650.0
PROD00138,Science,Electronics,298.75,35.0
PROD00900,Around,Electronics,461.93,181.0
PROD00343,Increase,Home,345.14,218.0
PROD00039,Very,Electronics,123.14,477.0
PROD00688,Success,Home,426.12,471.0
PROD00785,Role,Electronics,313.69,484.0
PROD00289,Interesting,Toys,392.22,386.0
PROD00050,Receive,Books,448.46,698.0
PROD00817,Leader,Clothing,242.21,138.0
PROD00197,Recognize,Home,367.38,447.0
PROD00065,Stop,Electronics,485.62,472.0
PROD00899,Writer,Clothing,408.4,551.0
PROD00045,Also,Books,58.15,754.0
PROD00806,Lose,Electronics,160.21,490.0
PROD00223,Several,Clothing,377.55,235.0
PROD00837,Thousand,Electronics,181.91,406.0
PROD00246,Rule,Electronics,375.45,192.0
PROD00110,Central,Toys,236.21,653.0
PROD00273,Office,Electronics,138.11,94.0
PROD00504,Such,Electronics,361.19,941.0
PROD00883,Score,Clothing,252.68,275.0
PROD00249,Visit,Books,459.01,97.0
PROD00195,Professional,Electronics,434.28,33.0
PROD00778,East,Books,78.88,615.0
PROD00411,Man,Electronics,128.24,843.0
PROD00268,East,Clothing,365.05,186.0
PROD00835,Perform,Electronics,319.31,397.0
PROD00174,Offer,Toys,408.04,287.0
PROD00353,Knowledge,Toys,401.92,592.0
PROD00497,Interest,Clothing,78.44,802.0
PROD00320,Century,Toys,237.51,606.0
PROD00878,Leg,Books,355.91,219.0
PROD00001,Prevent,Toys,452.07,74.0
PROD00851,Safe,Clothing,28.27,366.0
PROD00409,Two,Clothing,242.4,858.0
PROD00976,Art,Electronics,392.7,57.0
PROD00116,Character,Clothing,466.06,959.0
PROD00758,Billion,Electronics,32.54,781.0
PROD00928,Back,Electronics,146.38,337.0
PROD00476,Young,Toys,154.82,681.0
PROD00173,Actually,Home,45.16,54.0
PROD00230,Sing,Books,283.58,33.0
PROD00875,Hour,Books,474.33,738.0
PROD00892,Night,Home,304.99,699.0
PROD00694,Anything,Clothing,243.33,921.0
PROD00226,Shake,Electronics,268.05,346.0
PROD00722,Body,Toys,17.99,565.0
PROD00968,Finish,Electronics,338.34,618.0
PROD00859,Fine,Books,238.94,35.0
PROD00448,Hand,Electronics,489.56,842.0
PROD00773,When,Toys,133.31,976.0
PROD00562,Every,Home,74.91,700.0
PROD00834,Sound,Clothing,77.84,615.0
PROD00764,Plant,Books,119.78,734.0
PROD00613,Lay,Toys,109.54,965.0
PROD00093,Cut,Clothing,391.26,246.0
PROD00352,Them,Clothing,387.01,935.0
PROD00151,Throughout,Books,170.5,902.0
PROD00812,We,Home,83.4,92.0
PROD00590,Son,Home,19.33,772.0
PROD00207,Practice,Electronics,330.05,423.0
PROD00543,Interview,Toys,414.89,696.0
PROD00687,Democrat,Home,151.34,291.0
PROD00014,Require,Electronics,276.03,102.0
PROD00370,Feeling,Clothing,454.44,355.0
PROD00262,Dog,Clothing,378.14,820.0
PROD00156,Option,Toys,72.82,684.0
PROD00059,Life,Home,247.73,974.0
PROD00683,Civil,Books,27.33,977.0
PROD00516,Art,Clothing,481.98,558.0
PROD00418,School,Clothing,485.73,412.0
PROD00599,Explain,Toys,365.17,495.0
